{"project_info":{"bpl":"8","steps":"40","bpm":"94"},"banks":[{"bank_options":[{"bank_option_name":"1option","file_location":"AC G 1","overplay":"true","volume":5,"sequence":["2","0","0","0","0","0","0","0","0","0","0","0","0","0","0","0","0","0","0","0","0","0","0","0","0","0","0","0","0","0","0","0","0","0","0","3","0","0","0","0"],"loop":"false","sound":{"rightPeak":0,"position":106835.01133786848,"leftPeak":0,"soundTransform":{"leftToRight":0,"leftToLeft":1,"pan":0,"rightToRight":1,"rightToLeft":0,"volume":0.5}}},{"bank_option_name":"3option","file_location":"AC_G_1_2","overplay":"true","volume":5,"sequence":["2","0","0","0","0","0","0","0","0","0","0","0","0","0","0","0","0","0","0","0","0","0","0","0","0","0","0","0","0","0","0","0","0","0","0","0","0","0","0","0"],"loop":"false","sound":{"position":57747.34693877551,"leftPeak":0,"rightPeak":0,"soundTransform":{"leftToRight":0,"leftToLeft":1,"pan":0,"rightToRight":1,"rightToLeft":0,"volume":1}}},{"bank_option_name":"2option","file_location":"AC G 2","overplay":"true","volume":5,"sequence":["2","0","0","0","0","0","0","0","0","0","0","0","0","0","0","0","0","0","0","0","0","0","0","0","0","0","0","0","0","0","0","0","0","0","0","0","0","0","0","0"],"loop":"false","sound":{"rightPeak":0,"position":1555.7369614512472,"leftPeak":0,"soundTransform":{"leftToRight":0,"leftToLeft":1,"pan":0,"rightToRight":1,"rightToLeft":0,"volume":0.5}}}],"bank_name":"bass"},{"bank_options":[{"bank_option_name":"2option","file_location":"Bass 1","overplay":"true","volume":50,"sequence":["3","0","0","0","0","0","0","0","0","0","0","0","0","0","0","0","0","0","0","0","0","0","0","0","0","0","0","0","0","0","0","0","0","0","0","0","0","0","0","0"],"loop":"false","sound":{"rightPeak":0.0970001220703125,"position":46764.98866213152,"leftPeak":0.0970001220703125,"soundTransform":{"leftToRight":0,"leftToLeft":1,"pan":0,"rightToRight":1,"rightToLeft":0,"volume":1}}},{"bank_option_name":"4option","file_location":"Bass 2","overplay":"true","volume":50,"sequence":["3","0","0","0","0","0","0","0","0","0","0","0","0","0","0","0","0","0","0","0","0","0","0","0","0","0","0","0","0","0","0","0","0","0","0","0","0","0","0","0"],"loop":"false","sound":{"position":57747.34693877551,"leftPeak":0,"rightPeak":0,"soundTransform":{"leftToRight":0,"leftToLeft":1,"pan":0,"rightToRight":1,"rightToLeft":0,"volume":1}}},{"bank_option_name":"1option","file_location":"Bass 3","overplay":"true","volume":50,"sequence":["3","0","0","0","0","0","0","0","0","0","0","0","0","0","0","0","0","0","0","0","0","0","0","0","0","0","0","0","0","0","0","0","0","0","0","0","0","0","0","0"],"loop":"false","sound":{"rightPeak":0.005523681640625,"position":42562.1768707483,"leftPeak":0.005523681640625,"soundTransform":{"leftToRight":0,"leftToLeft":1,"pan":0,"rightToRight":1,"rightToLeft":0,"volume":1}}}],"bank_name":"drums"},{"bank_options":[{"bank_option_name":"3option","file_location":"Rhythm guitar","overplay":"true","volume":7,"sequence":["2","0","0","0","0","0","0","0","0","0","0","0","0","0","0","0","0","0","0","0","0","0","0","0","0","0","0","0","0","0","0","0","0","0","0","0","0","0","0","0"],"loop":"false","sound":{"rightPeak":0.0509033203125,"position":23939.773242630385,"leftPeak":0.0599517822265625,"soundTransform":{"leftToRight":0,"leftToLeft":1,"pan":0,"rightToRight":1,"rightToLeft":0,"volume":0.7}}},{"bank_option_name":"optionname","file_location":"Rhythm guitar Wah","overplay":"true","volume":7,"sequence":["2","0","0","0","0","0","0","0","0","0","0","0","0","0","0","0","0","0","0","0","0","0","0","0","0","0","0","0","0","0","0","0","0","0","0","0","0","0","0","0"],"loop":"false","sound":{"rightPeak":0.0262451171875,"position":65480.272108843536,"leftPeak":0.0262451171875,"soundTransform":{"leftToRight":0,"leftToLeft":1,"pan":0,"rightToRight":1,"rightToLeft":0,"volume":0.7}}},{"bank_option_name":"1option","file_location":"Rhythm guitar all","overplay":"true","volume":7,"sequence":["2","0","0","0","0","0","0","0","0","0","0","0","0","0","0","0","0","0","0","0","0","0","0","0","0","0","0","0","0","0","0","0","0","0","0","0","0","0","0","0"],"loop":"false","sound":{"position":57747.34693877551,"leftPeak":0,"rightPeak":0,"soundTransform":{"leftToRight":0,"leftToLeft":1,"pan":0,"rightToRight":1,"rightToLeft":0,"volume":1}}}],"bank_name":"lead"},{"bank_options":[{"bank_option_name":"3option","file_location":"SOLO 1","overplay":"true","volume":4,"sequence":["0","0","3","0","0","0","0","0","3","0","0","0","0","0","0","0","0","0","0","0","0","0","0","0","0","0","0","0","0","0","0","0","0","0","0","0","0","0","0","0"],"loop":"false","sound":{"rightPeak":0.006011962890625,"position":24636.37188208617,"leftPeak":0.01116943359375,"soundTransform":{"leftToRight":0,"leftToLeft":1,"pan":0,"rightToRight":1,"rightToLeft":0,"volume":0.4}}},{"bank_option_name":"4option","file_location":"SOLO 3","overplay":"true","volume":4,"sequence":["0","0","3","0","0","0","0","0","2","0","0","0","0","0","0","0","0","0","0","0","0","0","0","0","0","0","0","0","0","0","0","0","0","0","0","0","0","0","0","0"],"loop":"false","sound":{"rightPeak":0,"position":19388.662131519275,"leftPeak":0,"soundTransform":{"leftToRight":0,"leftToLeft":1,"pan":0,"rightToRight":1,"rightToLeft":0,"volume":0.4}}},{"bank_option_name":"2option","file_location":"SOLO 4","overplay":"true","volume":6,"sequence":["0","0","3","0","0","0","0","0","2","0","0","0","0","0","0","0","0","0","0","0","0","0","0","0","0","0","0","0","0","0","0","0","0","0","0","0","0","0","0","0"],"loop":"false","sound":{"rightPeak":0,"position":0,"leftPeak":0,"soundTransform":{"leftToRight":0,"leftToLeft":1,"pan":0,"rightToRight":1,"rightToLeft":0,"volume":0.6}}},{"bank_option_name":"1option","file_location":"SOLO 6 OVERLONG","overplay":"true","volume":2,"sequence":["0","0","3","0","0","0","0","0","3","0","0","0","0","0","0","0","0","0","0","0","0","0","0","0","0","0","0","0","0","0","0","0","0","0","0","0","0","0","0","0"],"loop":"false","sound":{"position":16899.342403628118,"leftPeak":0,"rightPeak":0,"soundTransform":{"leftToRight":0,"leftToLeft":1,"pan":0,"rightToRight":1,"rightToLeft":0,"volume":1}}}],"bank_name":"pads"}]}