{"banks":[{"bank_name":"new","bank_options":[{"overplay":"true","bank_option_name":"3option","sound":{"soundTransform":{"rightToRight":1,"leftToLeft":1,"rightToLeft":0,"volume":1,"leftToRight":0,"pan":0},"rightPeak":0,"leftPeak":0,"position":1578.9569160997733},"volume":10,"file_location":"beats8barloop2","loop":"true","sequence":["3","0","0","0","0","0","1","0","2","0","0","0","0","0","0","0","0","0","0"]},{"overplay":"true","bank_option_name":"2option","sound":{"soundTransform":{"rightToRight":1,"leftToRight":0,"pan":0,"leftToLeft":1,"rightToLeft":0,"volume":1},"position":4040.2721088435374,"rightPeak":0,"leftPeak":0},"volume":50,"file_location":"beats8barloop3","loop":"true","sequence":["3","0","0","0","0","0","1","0","0","0","0","0","0","0","0","0","0","0","0"]},{"overplay":"true","bank_option_name":"4option","sound":{"soundTransform":{"rightToRight":1,"leftToLeft":1,"volume":1,"leftToRight":0,"pan":0,"rightToLeft":0},"rightPeak":0,"leftPeak":0,"position":7685.804988662131},"volume":10,"file_location":"memba beats 8 bar loop","loop":"true","sequence":["3","0","0","0","1","0","1","0","2","0","0","0","0","0","0","0","0","0","0"]}]},{"bank_name":"drums","bank_options":[{"overplay":"true","bank_option_name":"2option","sound":{"rightPeak":0.0610504150390625,"leftPeak":0.030181884765625,"soundTransform":{"rightToRight":1,"leftToLeft":1,"rightToLeft":0,"volume":0.6,"leftToRight":0,"pan":0},"position":23080.63492063492},"volume":6,"file_location":"melody memba 1","loop":"false","sequence":["0","0","0","0","0","0","0","0","0","0","0","0","0","0","0","0","0","0","0"]},{"overplay":"true","bank_option_name":"4option","sound":{"soundTransform":{"rightToRight":1,"leftToLeft":1,"volume":1,"leftToRight":0,"pan":0,"rightToLeft":0},"rightPeak":0,"leftPeak":0,"position":7685.804988662131},"volume":6,"file_location":"melody memba 2","loop":"false","sequence":["3","0","0","0","3","0","0","0","2","0","0","0","0","0","0","0","0","0","0"]},{"overplay":"true","bank_option_name":"3option","sound":{"soundTransform":{"rightToRight":1,"leftToRight":0,"pan":0,"leftToLeft":1,"rightToLeft":0,"volume":1},"position":14280.272108843537,"rightPeak":0,"leftPeak":0},"volume":5,"file_location":"melody memba 4","loop":"false","sequence":["3","0","0","0","0","0","2","0","0","0","0","0","0","0","0","0","0","0","0"]}]},{"bank_name":"melodic","bank_options":[{"overplay":"true","bank_option_name":"3option","sound":{"soundTransform":{"rightToRight":1,"leftToRight":0,"pan":0,"leftToLeft":1,"rightToLeft":0,"volume":1},"position":2275.5555555555557,"rightPeak":0,"leftPeak":0},"volume":50,"file_location":"short melodic 1","loop":"true","sequence":["0","0","3","0","0","0","3","0","0","3","0","0","0","0","0","0","0","0","0"]},{"file_location":"short melodic 2","overplay":"true","loop":"true","bank_option_name":"optionname","volume":50,"sequence":["0","0","2","0","0","0","2","0","0","2","0","0","0","0","0","0","0","0","0"]},{"file_location":"short melodic 3","overplay":"true","loop":"false","bank_option_name":"1option","volume":50,"sequence":["0","0","2","0","0","0","2","0","0","2","0","0","0","0","0","0","0","0","0"]}]}],"project_info":{"bpm":"100","steps":"19","bpl":"10"}}