{"banks":[{"bank_options":[{"bank_option_name":"1option","sound":{"rightPeak":0,"position":1230.657596371882,"leftPeak":0,"soundTransform":{"leftToRight":0,"leftToLeft":1,"pan":0,"rightToRight":1,"rightToLeft":0,"volume":1}},"sequence":["3","0","0","0","0","0","0","0","0","0","0","0","0","0","0","0","0","0","0","0","0","0","0","0","0","0","0","0","0","0","0","0","0","0","0","0","0","0","0","0"],"overplay":"true","loop":"false","file_location":"Drums 1","volume":50},{"bank_option_name":"new bank option","sound":{"rightPeak":0,"position":5154.829931972789,"leftPeak":0,"soundTransform":{"leftToRight":0,"leftToLeft":1,"pan":0,"rightToRight":1,"rightToLeft":0,"volume":0.6}},"sequence":["3","0","0","0","0","0","0","0","0","0","0","0","0","0","0","0","0","0","0","0","0","0","0","0","0","0","0","0","0","0","0","0","0","0","0","0","0","0","0","0"],"overplay":"true","loop":"false","file_location":"Drums gateverb","volume":6},{"bank_option_name":"new bank option","sound":{"rightPeak":0.0855560302734375,"position":18692.06349206349,"leftPeak":0.0678558349609375,"soundTransform":{"leftToRight":0,"leftToLeft":1,"pan":0,"rightToRight":1,"rightToLeft":0,"volume":0.7}},"sequence":["3","0","0","0","0","0","0","0","0","0","0","0","0","0","0","0","0","0","0","0","0","0","0","0","0","0","0","0","0","0","0","0","0","0","0","0","0","0","0","0"],"overplay":"true","loop":"false","file_location":"drums 3","volume":7}],"bank_name":"Drums"},{"bank_options":[{"bank_option_name":"2option","sound":{"rightPeak":0,"position":5154.829931972789,"leftPeak":0,"soundTransform":{"leftToRight":0,"leftToLeft":1,"pan":0,"rightToRight":1,"rightToLeft":0,"volume":1}},"sequence":["3","0","0","0","0","0","0","0","0","0","0","0","0","0","0","0","0","0","0","0","0","0","0","0","0","0","0","0","0","0","0","0","0","0","0","0","0","0","0","0"],"overplay":"true","loop":"false","file_location":"bass 1","volume":50}],"bank_name":"bass"},{"bank_options":[{"bank_option_name":"3option","sound":{"rightPeak":0,"position":3274.013605442177,"leftPeak":0,"soundTransform":{"leftToRight":0,"leftToLeft":1,"pan":0,"rightToRight":1,"rightToLeft":0,"volume":1}},"sequence":["3","0","0","0","0","0","0","0","0","0","0","0","0","0","0","0","0","0","0","0","0","0","0","0","0","0","0","0","0","0","0","0","0","0","0","0","0","0","0","0"],"overplay":"true","loop":"false","file_location":"gtr 2","volume":50},{"bank_option_name":"optionname","sound":{"rightPeak":0,"position":1230.657596371882,"leftPeak":0,"soundTransform":{"leftToRight":0,"leftToLeft":1,"pan":0,"rightToRight":1,"rightToLeft":0,"volume":0.8}},"sequence":["3","0","0","0","0","0","0","0","0","0","0","0","0","0","0","0","0","0","0","0","0","0","0","0","0","0","0","0","0","0","0","0","0","0","0","0","0","0","0","0"],"overplay":"true","loop":"false","file_location":"Guitar warble","volume":8},{"bank_option_name":"1option","sound":{"rightPeak":0,"position":5154.829931972789,"leftPeak":0,"soundTransform":{"leftToRight":0,"leftToLeft":1,"pan":0,"rightToRight":1,"rightToLeft":0,"volume":0.9}},"sequence":["3","0","0","0","0","0","0","0","0","0","0","0","0","0","0","0","0","0","0","0","0","0","0","0","0","0","0","0","0","0","0","0","0","0","0","0","0","0","0","0"],"overplay":"true","loop":"false","file_location":"guitar 1","volume":9}],"bank_name":"Guitar"},{"bank_options":[{"bank_option_name":"3option","sound":{"rightPeak":0.09283447265625,"position":18692.06349206349,"leftPeak":0.0836181640625,"soundTransform":{"leftToRight":0,"leftToLeft":1,"pan":0,"rightToRight":1,"rightToLeft":0,"volume":0.4}},"sequence":["3","0","0","0","0","0","0","0","0","0","0","0","0","0","0","0","0","0","0","0","0","0","0","0","0","0","0","0","0","0","0","0","0","0","0","0","0","0","0","0"],"overplay":"true","loop":"false","file_location":"bvs 2","volume":4},{"bank_option_name":"4option","sound":{"rightPeak":0,"position":5154.829931972789,"leftPeak":0,"soundTransform":{"leftToRight":0,"leftToLeft":1,"pan":0,"rightToRight":1,"rightToLeft":0,"volume":1}},"sequence":["3","0","0","0","0","0","0","0","0","0","0","0","0","0","0","0","0","0","0","0","0","0","0","0","0","0","0","0","0","0","0","0","0","0","0","0","0","0","0","0"],"overplay":"true","loop":"false","file_location":"bvs 1","volume":6}],"bank_name":"bvs"},{"bank_options":[{"bank_option_name":"1option","sound":{"rightPeak":0,"position":18692.06349206349,"leftPeak":0,"soundTransform":{"leftToRight":0,"leftToLeft":1,"pan":0,"rightToRight":1,"rightToLeft":0,"volume":1}},"sequence":["3","0","0","0","0","0","0","0","0","0","0","0","0","0","0","0","0","0","0","0","0","0","0","0","0","0","0","0","0","0","0","0","0","0","0","0","0","0","0","0"],"overplay":"true","loop":"false","file_location":"piano","volume":50},{"bank_option_name":"3option","sound":{"rightPeak":0,"position":10611.519274376416,"leftPeak":0,"soundTransform":{"leftToRight":0,"leftToLeft":1,"pan":0,"rightToRight":1,"rightToLeft":0,"volume":1}},"sequence":["3","0","0","0","0","0","0","0","0","0","0","0","0","0","0","0","0","0","0","0","0","0","0","0","0","0","0","0","0","0","0","0","0","0","0","0","0","0","0","0"],"overplay":"true","loop":"false","file_location":"pianostr 1","volume":49},{"bank_option_name":"2option","sound":{"rightPeak":0,"position":5154.829931972789,"leftPeak":0,"soundTransform":{"leftToRight":0,"leftToLeft":1,"pan":0,"rightToRight":1,"rightToLeft":0,"volume":1}},"sequence":["3","0","0","0","0","0","0","0","0","0","0","0","0","0","0","0","0","0","0","0","0","0","0","0","0","0","0","0","0","0","0","0","0","0","0","0","0","0","0","0"],"overplay":"true","loop":"false","file_location":"pnostr 2","volume":50},{"bank_option_name":"4option","sound":{"rightPeak":0,"position":11400.997732426304,"leftPeak":0,"soundTransform":{"leftToRight":0,"leftToLeft":1,"pan":0,"rightToRight":1,"rightToLeft":0,"volume":0.7}},"sequence":["3","0","0","0","0","0","0","0","0","0","0","0","0","0","0","0","0","0","0","0","0","0","0","0","0","0","0","0","0","0","0","0","0","0","0","0","0","0","0","0"],"overplay":"true","loop":"false","file_location":"pnostr gangsta","volume":7}],"bank_name":"piano"},{"bank_options":[{"bank_option_name":"1option","sound":{"rightPeak":0,"position":5154.829931972789,"leftPeak":0,"soundTransform":{"leftToRight":0,"leftToLeft":1,"pan":0,"rightToRight":1,"rightToLeft":0,"volume":1}},"sequence":["3","0","0","0","0","0","0","0","0","0","0","0","0","0","0","0","0","0","0","0","0","0","0","0","0","0","0","0","0","0","0","0","0","0","0","0","0","0","0","0"],"overplay":"true","loop":"false","file_location":"vox 1","volume":50},{"bank_option_name":"3option","sound":{"rightPeak":0,"position":13374.69387755102,"leftPeak":0,"soundTransform":{"leftToRight":0,"leftToLeft":1,"pan":0,"rightToRight":1,"rightToLeft":0,"volume":1}},"sequence":["3","0","0","0","0","0","0","0","0","0","0","0","0","0","0","0","0","0","0","0","0","0","0","0","0","0","0","0","0","0","0","0","0","0","0","0","0","0","0","0"],"overplay":"true","loop":"false","file_location":"vox 2","volume":49},{"bank_option_name":"2option","sound":{"rightPeak":0.1897125244140625,"position":51850.15873015873,"leftPeak":0.163848876953125,"soundTransform":{"leftToRight":0,"leftToLeft":1,"pan":0,"rightToRight":1,"rightToLeft":0,"volume":1}},"sequence":["3","0","0","0","0","0","0","0","0","0","0","0","0","0","0","0","0","0","0","0","0","0","0","0","0","0","0","0","0","0","0","0","0","0","0","0","0","0","0","0"],"overplay":"true","loop":"false","file_location":"vox 3","volume":50}],"bank_name":"vox"}],"project_info":{"bpm":"80","bpl":"10","steps":"40"}}